{
	"credit": "Made with Blockbench",
	"texture_size": [32, 32],
	"textures": {
		"0": "item/pickaxes/love_skin",
		"particle": "item/pickaxes/love_skin"
	},
	"elements": [
		{
			"from": [-0.76, 11.69, -0.26],
			"to": [2.76, 12.21, 0.26],
			"rotation": {"angle": 0, "axis": "y", "origin": [1.00313, 12.36199, 0.5]},
			"faces": {
				"north": {"uv": [0, 5.5, 2, 6], "texture": "#0"},
				"east": {"uv": [9.5, 3.5, 10, 4], "texture": "#0"},
				"south": {"uv": [5.5, 5.5, 7.5, 6], "texture": "#0"},
				"west": {"uv": [9.5, 6.5, 10, 7], "texture": "#0"},
				"up": {"uv": [2, 6.5, 0, 6], "texture": "#0"},
				"down": {"uv": [5, 6, 3, 6.5], "texture": "#0"}
			}
		},
		{
			"from": [-0.76, 11.69, 0.74],
			"to": [2.76, 12.21, 1.26],
			"rotation": {"angle": 0, "axis": "y", "origin": [1.00313, 12.36199, 0.5]},
			"faces": {
				"north": {"uv": [5, 6, 7, 6.5], "texture": "#0"},
				"east": {"uv": [9.5, 9, 10, 9.5], "texture": "#0"},
				"south": {"uv": [6, 1, 8, 1.5], "texture": "#0"},
				"west": {"uv": [3, 10, 3.5, 10.5], "texture": "#0"},
				"up": {"uv": [8, 2, 6, 1.5], "texture": "#0"},
				"down": {"uv": [8, 2, 6, 2.5], "texture": "#0"}
			}
		},
		{
			"from": [-0.83339, 13.11084, -0.25],
			"to": [-0.33339, 13.61084, 0.25],
			"rotation": {"angle": 45, "axis": "z", "origin": [1.00313, 12.36199, 0.5]},
			"faces": {
				"north": {"uv": [3.5, 10, 4, 10.5], "texture": "#0"},
				"east": {"uv": [4.5, 10, 5, 10.5], "texture": "#0"},
				"south": {"uv": [5, 10, 5.5, 10.5], "texture": "#0"},
				"west": {"uv": [5.5, 10, 6, 10.5], "texture": "#0"},
				"up": {"uv": [6.5, 10.5, 6, 10], "texture": "#0"},
				"down": {"uv": [8, 10, 7.5, 10.5], "texture": "#0"}
			}
		},
		{
			"from": [-0.85107, 13.09316, 0.75],
			"to": [-0.35107, 13.59316, 1.25],
			"rotation": {"angle": 45, "axis": "z", "origin": [1.00313, 12.36199, 0.5]},
			"faces": {
				"north": {"uv": [8, 10, 8.5, 10.5], "texture": "#0"},
				"east": {"uv": [9, 10, 9.5, 10.5], "texture": "#0"},
				"south": {"uv": [9.5, 10, 10, 10.5], "texture": "#0"},
				"west": {"uv": [10, 10, 10.5, 10.5], "texture": "#0"},
				"up": {"uv": [10.5, 0.5, 10, 0], "texture": "#0"},
				"down": {"uv": [10.5, 0.5, 10, 1], "texture": "#0"}
			}
		},
		{
			"from": [1.72987, 10.54758, -0.25],
			"to": [2.22987, 11.04758, 0.25],
			"rotation": {"angle": 45, "axis": "z", "origin": [1.00313, 12.36199, 0.5]},
			"faces": {
				"north": {"uv": [10, 3, 10.5, 3.5], "texture": "#0"},
				"east": {"uv": [10, 3.5, 10.5, 4], "texture": "#0"},
				"south": {"uv": [10, 4, 10.5, 4.5], "texture": "#0"},
				"west": {"uv": [10, 4.5, 10.5, 5], "texture": "#0"},
				"up": {"uv": [10.5, 5.5, 10, 5], "texture": "#0"},
				"down": {"uv": [10.5, 5.5, 10, 6], "texture": "#0"}
			}
		},
		{
			"from": [1.72987, 10.51222, 0.75],
			"to": [2.22987, 11.01222, 1.25],
			"rotation": {"angle": 45, "axis": "z", "origin": [1.00313, 12.36199, 0.5]},
			"faces": {
				"north": {"uv": [10, 6, 10.5, 6.5], "texture": "#0"},
				"east": {"uv": [10, 6.5, 10.5, 7], "texture": "#0"},
				"south": {"uv": [10, 7, 10.5, 7.5], "texture": "#0"},
				"west": {"uv": [10, 7.5, 10.5, 8], "texture": "#0"},
				"up": {"uv": [10.5, 8.5, 10, 8], "texture": "#0"},
				"down": {"uv": [10.5, 8.5, 10, 9], "texture": "#0"}
			}
		},
		{
			"from": [3.12822, 11.87713, -0.25],
			"to": [3.62822, 12.35213, 1.25],
			"rotation": {"angle": 22.5, "axis": "z", "origin": [1.00313, 12.36199, 0.5]},
			"faces": {
				"north": {"uv": [10, 9, 10.5, 9.5], "texture": "#0"},
				"east": {"uv": [7, 4, 8, 4.5], "texture": "#0"},
				"south": {"uv": [0.5, 10.5, 1, 11], "texture": "#0"},
				"west": {"uv": [7, 4.5, 8, 5], "texture": "#0"},
				"up": {"uv": [0.5, 8.5, 0, 7.5], "texture": "#0"},
				"down": {"uv": [1, 7.5, 0.5, 8.5], "texture": "#0"}
			}
		},
		{
			"from": [3.01915, 12.85972, -0.25],
			"to": [3.56915, 13.25972, 1.25],
			"rotation": {"angle": 22.5, "axis": "z", "origin": [1.00313, 12.36199, 0.5]},
			"faces": {
				"north": {"uv": [1, 10.5, 1.5, 11], "texture": "#0"},
				"east": {"uv": [7, 5, 8, 5.5], "texture": "#0"},
				"south": {"uv": [3, 10.5, 3.5, 11], "texture": "#0"},
				"west": {"uv": [7, 6, 8, 6.5], "texture": "#0"},
				"up": {"uv": [1.5, 8.5, 1, 7.5], "texture": "#0"},
				"down": {"uv": [2, 7.5, 1.5, 8.5], "texture": "#0"}
			}
		},
		{
			"from": [-1.62774, 11.87474, -0.25],
			"to": [-1.12774, 12.37474, 1.25],
			"rotation": {"angle": -22.5, "axis": "z", "origin": [1.00313, 12.36199, 0.5]},
			"faces": {
				"north": {"uv": [3.5, 10.5, 4, 11], "texture": "#0"},
				"east": {"uv": [3, 7.5, 4, 8], "texture": "#0"},
				"south": {"uv": [4, 10.5, 4.5, 11], "texture": "#0"},
				"west": {"uv": [6, 7.5, 7, 8], "texture": "#0"},
				"up": {"uv": [7.5, 8.5, 7, 7.5], "texture": "#0"},
				"down": {"uv": [8, 7.5, 7.5, 8.5], "texture": "#0"}
			}
		},
		{
			"from": [-1.56867, 12.85732, -0.25],
			"to": [-1.01867, 13.23232, 1.25],
			"rotation": {"angle": -22.5, "axis": "z", "origin": [1.00313, 12.36199, 0.5]},
			"faces": {
				"north": {"uv": [4.5, 10.5, 5, 11], "texture": "#0"},
				"east": {"uv": [7.5, 0, 8.5, 0.5], "texture": "#0"},
				"south": {"uv": [5, 10.5, 5.5, 11], "texture": "#0"},
				"west": {"uv": [7.5, 0.5, 8.5, 1], "texture": "#0"},
				"up": {"uv": [8, 7.5, 7.5, 6.5], "texture": "#0"},
				"down": {"uv": [3.5, 8, 3, 9], "texture": "#0"}
			}
		},
		{
			"from": [-0.95373, 11.03964, 0.749],
			"to": [0.54827, 11.54164, 1.251],
			"rotation": {"angle": -45, "axis": "z", "origin": [1.00313, 12.36199, 0.5]},
			"faces": {
				"north": {"uv": [7.5, 3.5, 8.5, 4], "texture": "#0"},
				"east": {"uv": [5.5, 10.5, 6, 11], "texture": "#0"},
				"south": {"uv": [7.5, 5.5, 8.5, 6], "texture": "#0"},
				"west": {"uv": [6, 10.5, 6.5, 11], "texture": "#0"},
				"up": {"uv": [7, 8.5, 6, 8], "texture": "#0"},
				"down": {"uv": [9, 8, 8, 8.5], "texture": "#0"}
			}
		},
		{
			"from": [-0.95373, 11.03964, -0.251],
			"to": [0.39827, 11.54164, 0.251],
			"rotation": {"angle": -45, "axis": "z", "origin": [1.00313, 12.36199, 0.5]},
			"faces": {
				"north": {"uv": [8, 1, 9, 1.5], "texture": "#0"},
				"east": {"uv": [6.5, 10.5, 7, 11], "texture": "#0"},
				"south": {"uv": [8, 1.5, 9, 2], "texture": "#0"},
				"west": {"uv": [7, 10.5, 7.5, 11], "texture": "#0"},
				"up": {"uv": [9, 2.5, 8, 2], "texture": "#0"},
				"down": {"uv": [9, 4, 8, 4.5], "texture": "#0"}
			}
		},
		{
			"from": [1.65357, 11.04407, -0.251],
			"to": [2.95557, 11.54607, 0.251],
			"rotation": {"angle": 45, "axis": "z", "origin": [1.00313, 12.36199, 0.5]},
			"faces": {
				"north": {"uv": [8, 4.5, 9, 5], "texture": "#0"},
				"east": {"uv": [7.5, 10.5, 8, 11], "texture": "#0"},
				"south": {"uv": [8, 5, 9, 5.5], "texture": "#0"},
				"west": {"uv": [8, 10.5, 8.5, 11], "texture": "#0"},
				"up": {"uv": [9, 6.5, 8, 6], "texture": "#0"},
				"down": {"uv": [9, 6.5, 8, 7], "texture": "#0"}
			}
		},
		{
			"from": [1.55357, 11.04407, 0.749],
			"to": [2.95557, 11.54607, 1.251],
			"rotation": {"angle": 45, "axis": "z", "origin": [1.00313, 12.36199, 0.5]},
			"faces": {
				"north": {"uv": [8, 7, 9, 7.5], "texture": "#0"},
				"east": {"uv": [8.5, 10.5, 9, 11], "texture": "#0"},
				"south": {"uv": [8, 7.5, 9, 8], "texture": "#0"},
				"west": {"uv": [9, 10.5, 9.5, 11], "texture": "#0"},
				"up": {"uv": [1, 9, 0, 8.5], "texture": "#0"},
				"down": {"uv": [2, 8.5, 1, 9], "texture": "#0"}
			}
		},
		{
			"from": [1.81583, 12.4897, -0.2501],
			"to": [2.31603, 14.3899, 0.2501],
			"rotation": {"angle": -22.5, "axis": "z", "origin": [1.00313, 12.36199, 0.5]},
			"faces": {
				"north": {"uv": [3.5, 8, 4, 9], "texture": "#0"},
				"east": {"uv": [2, 8.5, 2.5, 9.5], "texture": "#0"},
				"south": {"uv": [2.5, 8.5, 3, 9.5], "texture": "#0"},
				"west": {"uv": [4, 8.5, 4.5, 9.5], "texture": "#0"},
				"up": {"uv": [10, 11, 9.5, 10.5], "texture": "#0"},
				"down": {"uv": [10.5, 10.5, 10, 11], "texture": "#0"}
			}
		},
		{
			"from": [1.81583, 12.4397, 0.7499],
			"to": [2.31603, 14.3899, 1.2501],
			"rotation": {"angle": -22.5, "axis": "z", "origin": [1.00313, 12.36199, 0.5]},
			"faces": {
				"north": {"uv": [4.5, 8.5, 5, 9.5], "texture": "#0"},
				"east": {"uv": [5, 8.5, 5.5, 9.5], "texture": "#0"},
				"south": {"uv": [5.5, 8.5, 6, 9.5], "texture": "#0"},
				"west": {"uv": [6, 8.5, 6.5, 9.5], "texture": "#0"},
				"up": {"uv": [11, 11, 10.5, 10.5], "texture": "#0"},
				"down": {"uv": [11, 0, 10.5, 0.5], "texture": "#0"}
			}
		},
		{
			"from": [-0.31555, 12.2921, 0.7499],
			"to": [0.18465, 14.3923, 1.2501],
			"rotation": {"angle": 22.5, "axis": "z", "origin": [1.00313, 12.36199, 0.5]},
			"faces": {
				"north": {"uv": [6.5, 8.5, 7, 9.5], "texture": "#0"},
				"east": {"uv": [7, 8.5, 7.5, 9.5], "texture": "#0"},
				"south": {"uv": [7.5, 8.5, 8, 9.5], "texture": "#0"},
				"west": {"uv": [8, 8.5, 8.5, 9.5], "texture": "#0"},
				"up": {"uv": [11, 1, 10.5, 0.5], "texture": "#0"},
				"down": {"uv": [11, 1, 10.5, 1.5], "texture": "#0"}
			}
		},
		{
			"from": [-0.31555, 12.4921, -0.2501],
			"to": [0.18465, 14.3923, 0.2501],
			"rotation": {"angle": 22.5, "axis": "z", "origin": [1.00313, 12.36199, 0.5]},
			"faces": {
				"north": {"uv": [8.5, 8.5, 9, 9.5], "texture": "#0"},
				"east": {"uv": [8.5, 0, 9, 1], "texture": "#0"},
				"south": {"uv": [8.5, 2.5, 9, 3.5], "texture": "#0"},
				"west": {"uv": [0, 9, 0.5, 10], "texture": "#0"},
				"up": {"uv": [11, 2, 10.5, 1.5], "texture": "#0"},
				"down": {"uv": [11, 2, 10.5, 2.5], "texture": "#0"}
			}
		},
		{
			"from": [0.30566, 11.6589, -0.51],
			"to": [2.32566, 13.6789, 1.51],
			"rotation": {"angle": 45, "axis": "z", "origin": [1.00313, 12.36199, 0.5]},
			"faces": {
				"north": {"uv": [0, 4.5, 1, 5.5], "texture": "#0"},
				"east": {"uv": [6, 2.5, 7, 3.5], "texture": "#0"},
				"south": {"uv": [6, 4.5, 7, 5.5], "texture": "#0"},
				"west": {"uv": [0, 6.5, 1, 7.5], "texture": "#0"},
				"up": {"uv": [2, 7.5, 1, 6.5], "texture": "#0"},
				"down": {"uv": [4, 6.5, 3, 7.5], "texture": "#0"}
			}
		},
		{
			"from": [-0.40811, 12.799, -0.501],
			"to": [2.42232, 14.101, 1.501],
			"rotation": {"angle": 0, "axis": "y", "origin": [1.00313, 12.36199, 0.5]},
			"faces": {
				"north": {"uv": [3, 5, 4.5, 5.5], "texture": "#0"},
				"east": {"uv": [8.5, 3.5, 9.5, 4], "texture": "#0"},
				"south": {"uv": [6, 3.5, 7.5, 4], "texture": "#0"},
				"west": {"uv": [8.5, 5.5, 9.5, 6], "texture": "#0"},
				"up": {"uv": [5, 1, 3.5, 0], "texture": "#0"},
				"down": {"uv": [4.5, 4, 3, 5], "texture": "#0"}
			}
		},
		{
			"from": [0.11789, 14.125, -0.5],
			"to": [0.61789, 14.625, 1.5],
			"rotation": {"angle": 0, "axis": "y", "origin": [1.00313, 12.36199, 0.5]},
			"faces": {
				"north": {"uv": [10.5, 2.5, 11, 3], "texture": "#0"},
				"east": {"uv": [0.5, 9, 1.5, 9.5], "texture": "#0"},
				"south": {"uv": [10.5, 3, 11, 3.5], "texture": "#0"},
				"west": {"uv": [3, 9, 4, 9.5], "texture": "#0"},
				"up": {"uv": [2, 10, 1.5, 9], "texture": "#0"},
				"down": {"uv": [9.5, 9, 9, 10], "texture": "#0"}
			}
		},
		{
			"from": [-0.86956, 13.08968, -0.5001],
			"to": [-0.11936, 13.68988, 1.5001],
			"rotation": {"angle": -45, "axis": "z", "origin": [1.00313, 12.36199, 0.5]},
			"faces": {
				"north": {"uv": [10.5, 3.5, 11, 4], "texture": "#0"},
				"east": {"uv": [9, 0, 10, 0.5], "texture": "#0"},
				"south": {"uv": [10.5, 4, 11, 4.5], "texture": "#0"},
				"west": {"uv": [9, 0.5, 10, 1], "texture": "#0"},
				"up": {"uv": [9.5, 2, 9, 1], "texture": "#0"},
				"down": {"uv": [9.5, 2, 9, 3], "texture": "#0"}
			}
		},
		{
			"from": [0.032, 13.99124, -0.5001],
			"to": [0.7822, 14.59144, 1.5001],
			"rotation": {"angle": -45, "axis": "z", "origin": [1.00313, 12.36199, 0.5]},
			"faces": {
				"north": {"uv": [10.5, 4.5, 11, 5], "texture": "#0"},
				"east": {"uv": [9, 3, 10, 3.5], "texture": "#0"},
				"south": {"uv": [10.5, 5, 11, 5.5], "texture": "#0"},
				"west": {"uv": [9, 4, 10, 4.5], "texture": "#0"},
				"up": {"uv": [9.5, 5.5, 9, 4.5], "texture": "#0"},
				"down": {"uv": [9.5, 6, 9, 7], "texture": "#0"}
			}
		},
		{
			"from": [1.22726, 13.98804, -0.5001],
			"to": [1.97746, 14.58824, 1.5001],
			"rotation": {"angle": 45, "axis": "z", "origin": [1.00313, 12.36199, 0.5]},
			"faces": {
				"north": {"uv": [10.5, 5.5, 11, 6], "texture": "#0"},
				"east": {"uv": [9, 7, 10, 7.5], "texture": "#0"},
				"south": {"uv": [10.5, 6, 11, 6.5], "texture": "#0"},
				"west": {"uv": [9, 7.5, 10, 8], "texture": "#0"},
				"up": {"uv": [9.5, 9, 9, 8], "texture": "#0"},
				"down": {"uv": [1, 9.5, 0.5, 10.5], "texture": "#0"}
			}
		},
		{
			"from": [2.12882, 13.08648, -0.5001],
			"to": [2.87902, 13.68668, 1.5001],
			"rotation": {"angle": 45, "axis": "z", "origin": [1.00313, 12.36199, 0.5]},
			"faces": {
				"north": {"uv": [10.5, 6.5, 11, 7], "texture": "#0"},
				"east": {"uv": [2, 9.5, 3, 10], "texture": "#0"},
				"south": {"uv": [10.5, 7, 11, 7.5], "texture": "#0"},
				"west": {"uv": [3, 9.5, 4, 10], "texture": "#0"},
				"up": {"uv": [1.5, 10.5, 1, 9.5], "texture": "#0"},
				"down": {"uv": [4.5, 9.5, 4, 10.5], "texture": "#0"}
			}
		},
		{
			"from": [1.39289, 14.125, -0.5],
			"to": [1.89289, 14.625, 1.5],
			"rotation": {"angle": 0, "axis": "y", "origin": [1.00313, 12.36199, 0.5]},
			"faces": {
				"north": {"uv": [10.5, 7.5, 11, 8], "texture": "#0"},
				"east": {"uv": [4.5, 9.5, 5.5, 10], "texture": "#0"},
				"south": {"uv": [10.5, 8, 11, 8.5], "texture": "#0"},
				"west": {"uv": [5.5, 9.5, 6.5, 10], "texture": "#0"},
				"up": {"uv": [7, 10.5, 6.5, 9.5], "texture": "#0"},
				"down": {"uv": [7.5, 9.5, 7, 10.5], "texture": "#0"}
			}
		},
		{
			"name": "bone",
			"from": [-0.01, 5.99, -0.01],
			"to": [2.01, 15.01, 1.01],
			"rotation": {"angle": 0, "axis": "y", "origin": [1.00313, 12.36199, 0.5]},
			"faces": {
				"north": {"uv": [0, 0, 1, 4.5], "texture": "#0"},
				"east": {"uv": [2, 4, 2.5, 8.5], "texture": "#0"},
				"south": {"uv": [1, 1, 2, 5.5], "texture": "#0"},
				"west": {"uv": [2.5, 4, 3, 8.5], "texture": "#0"},
				"up": {"uv": [8.5, 10, 7.5, 9.5], "texture": "#0"},
				"down": {"uv": [10.5, 9.5, 9.5, 10], "texture": "#0"}
			}
		},
		{
			"name": "bone",
			"from": [0, 3, 0],
			"to": [2, 4, 1],
			"rotation": {"angle": 0, "axis": "y", "origin": [1.00313, 12.36199, 0.5]},
			"faces": {
				"north": {"uv": [9.5, 1, 10.5, 1.5], "texture": "#0"},
				"east": {"uv": [10.5, 8.5, 11, 9], "texture": "#0"},
				"south": {"uv": [9.5, 1.5, 10.5, 2], "texture": "#0"},
				"west": {"uv": [10.5, 9, 11, 9.5], "texture": "#0"},
				"up": {"uv": [10.5, 2.5, 9.5, 2], "texture": "#0"},
				"down": {"uv": [10.5, 2.5, 9.5, 3], "texture": "#0"}
			}
		},
		{
			"name": "bone",
			"from": [1.75, 4, 0.8],
			"to": [0.25, 6, 0.2],
			"rotation": {"angle": 0, "axis": "y", "origin": [1.00313, 12.36199, 0.5]},
			"faces": {
				"north": {"uv": [4, 6.5, 4.5, 8.5], "texture": "#0"},
				"east": {"uv": [4.5, 6.5, 5, 8.5], "texture": "#0"},
				"south": {"uv": [5, 6.5, 5.5, 8.5], "texture": "#0"},
				"west": {"uv": [5.5, 6.5, 6, 8.5], "texture": "#0"},
				"up": {"uv": [11, 10, 10.5, 9.5], "texture": "#0"},
				"down": {"uv": [11, 10, 10.5, 10.5], "texture": "#0"}
			}
		},
		{
			"name": "bone2",
			"from": [-3.41512, 13.18208, -0.001],
			"to": [1.08688, 15.18408, 1.001],
			"rotation": {"angle": 22.5, "axis": "z", "origin": [1.00313, 12.36199, 0.5]},
			"faces": {
				"north": {"uv": [1, 0, 3.5, 1], "texture": "#0"},
				"east": {"uv": [8.5, 9.5, 9, 10.5], "texture": "#0"},
				"south": {"uv": [2, 2, 4.5, 3], "texture": "#0"},
				"west": {"uv": [9.5, 4.5, 10, 5.5], "texture": "#0"},
				"up": {"uv": [7, 4.5, 4.5, 4], "texture": "#0"},
				"down": {"uv": [7.5, 0, 5, 0.5], "texture": "#0"}
			}
		},
		{
			"name": "bone2",
			"from": [0.9136, 13.17968, -0.001],
			"to": [5.4156, 15.18168, 1.001],
			"rotation": {"angle": -22.5, "axis": "z", "origin": [1.00313, 12.36199, 0.5]},
			"faces": {
				"north": {"uv": [2, 1, 4.5, 2], "texture": "#0"},
				"east": {"uv": [9.5, 5.5, 10, 6.5], "texture": "#0"},
				"south": {"uv": [2, 3, 4.5, 4], "texture": "#0"},
				"west": {"uv": [9.5, 8, 10, 9], "texture": "#0"},
				"up": {"uv": [7.5, 1, 5, 0.5], "texture": "#0"},
				"down": {"uv": [5.5, 5.5, 3, 6], "texture": "#0"}
			}
		},
		{
			"name": "bone2",
			"from": [-4.36516, 14.79965, 0],
			"to": [-1.36516, 16.29965, 1],
			"rotation": {"angle": 45, "axis": "z", "origin": [1.00313, 12.36199, 0.5]},
			"faces": {
				"north": {"uv": [4.5, 4.5, 6, 5.5], "texture": "#0"},
				"east": {"uv": [0, 10, 0.5, 11], "texture": "#0"},
				"south": {"uv": [4.5, 1, 6, 2], "texture": "#0"},
				"west": {"uv": [1.5, 10, 2, 11], "texture": "#0"},
				"up": {"uv": [7.5, 7, 6, 6.5], "texture": "#0"},
				"down": {"uv": [7.5, 7, 6, 7.5], "texture": "#0"}
			}
		},
		{
			"name": "bone2",
			"from": [3.367, 14.79522, 0],
			"to": [6.367, 16.29522, 1],
			"rotation": {"angle": -45, "axis": "z", "origin": [1.00313, 12.36199, 0.5]},
			"faces": {
				"north": {"uv": [4.5, 2, 6, 3], "texture": "#0"},
				"east": {"uv": [2, 10, 2.5, 11], "texture": "#0"},
				"south": {"uv": [4.5, 3, 6, 4], "texture": "#0"},
				"west": {"uv": [2.5, 10, 3, 11], "texture": "#0"},
				"up": {"uv": [8.5, 3, 7, 2.5], "texture": "#0"},
				"down": {"uv": [8.5, 3, 7, 3.5], "texture": "#0"}
			}
		}
	],
	"display": {
		"thirdperson_righthand": {
			"rotation": [0, 90, 0],
			"translation": [7.5, 0.75, -4.5],
			"scale": [1, 1.08, 1]
		},
		"thirdperson_lefthand": {
			"rotation": [0, 90, 0],
			"translation": [7.5, 0.25, 9]
		},
		"firstperson_righthand": {
			"rotation": [0, 102, 17],
			"translation": [7.25, 2.75, -7.25]
		},
		"firstperson_lefthand": {
			"rotation": [26, -85, 1],
			"translation": [-8.25, 4.25, -3.75]
		},
		"ground": {
			"translation": [7, 2, 7],
			"scale": [1, 1, 0.93164]
		},
		"gui": {
			"rotation": [0, 0, -43],
			"translation": [4, -5.75, 1]
		},
		"fixed": {
			"translation": [7, -0.5, 6.5]
		}
	},
	"groups": [
		{
			"name": "LPickaxe",
			"origin": [8, 8, 8],
			"children": [
				{
					"name": "Wings",
					"origin": [8, 8, 8],
					"children": [0, 1, 2, 3, 4, 5, 6, 7, 8, 9, 10, 11, 12, 13, 14, 15, 16, 17]
				},
				{
					"name": "Heart",
					"origin": [8, 8, 8],
					"children": [18, 19, 20, 21, 22, 23, 24, 25]
				},
				{
					"name": "Pick",
					"origin": [0, 1, 0],
					"children": [
						{
							"name": "bone",
							"origin": [0, 1, 0],
							"children": [26, 27, 28,
								{
									"name": "bone2",
									"origin": [-2, 3, 0],
									"children": [29, 30, 31, 32]
								}
							]
						}
					]
				}
			]
		}
	]
}