{
	"credit": "This model was made for a paying customer, you are not allowed to use it without a license. By Ligua using Block Bench",
	"texture_size": [32, 32],
	"textures": {
		"0": "item/pickaxes/pickaxes/otw_pickaxe"
	},
	"elements": [
		{
			"from": [7, -4.91629, 16.51063],
			"to": [9, -1.91629, 19.51063],
			"rotation": {"angle": 45, "axis": "x", "origin": [8, 7.53953, 6.20638]},
			"faces": {
				"north": {"uv": [8, 7.5, 10, 8.5], "rotation": 270, "texture": "#0"},
				"east": {"uv": [6, 8.5, 8, 10.5], "rotation": 90, "texture": "#0"},
				"south": {"uv": [8, 6.5, 10, 7.5], "rotation": 270, "texture": "#0"},
				"west": {"uv": [6, 6.5, 8, 8.5], "rotation": 90, "texture": "#0"},
				"up": {"uv": [6, 10.5, 8, 11.5], "rotation": 90, "texture": "#0"},
				"down": {"uv": [6, 11.5, 8, 12.5], "rotation": 270, "texture": "#0"}
			}
		},
		{
			"from": [7, -7.80427, 5.8063],
			"to": [9, 12.19573, 7.8063],
			"rotation": {"angle": 0, "axis": "y", "origin": [8, 7.53953, 6.20638]},
			"faces": {
				"north": {"uv": [4.5, 0, 6, 14], "texture": "#0"},
				"east": {"uv": [3, 0, 4.5, 14], "texture": "#0"},
				"south": {"uv": [1.5, 0, 3, 14], "texture": "#0"},
				"west": {"uv": [0, 0, 1.5, 14], "texture": "#0"},
				"up": {"uv": [1.5, 15.5, 0, 14], "rotation": 270, "texture": "#0"},
				"down": {"uv": [3, 15.5, 1.5, 14], "rotation": 90, "texture": "#0"}
			}
		},
		{
			"from": [6.5, -8.30427, 5.3063],
			"to": [9.5, -5.30427, 8.3063],
			"rotation": {"angle": 0, "axis": "y", "origin": [8, 7.53953, 6.20638]},
			"faces": {
				"north": {"uv": [13.5, 0, 15, 1.5], "texture": "#0"},
				"east": {"uv": [12, 0, 13.5, 1.5], "texture": "#0"},
				"south": {"uv": [12, 1.5, 13.5, 3], "texture": "#0"},
				"west": {"uv": [13.5, 1.5, 15, 3], "texture": "#0"},
				"up": {"uv": [13.5, 3, 15, 4.5], "rotation": 270, "texture": "#0"},
				"down": {"uv": [12, 3, 13.5, 4.5], "rotation": 90, "texture": "#0"}
			}
		},
		{
			"from": [6.8, -1.00427, 5.6063],
			"to": [9.2, 7.39573, 8.0063],
			"rotation": {"angle": 0, "axis": "y", "origin": [8, 7.53953, 6.20638]},
			"faces": {
				"north": {"uv": [10.5, 0, 12, 5], "texture": "#0"},
				"east": {"uv": [9, 0, 10.5, 5], "texture": "#0"},
				"south": {"uv": [7.5, 0, 9, 5], "texture": "#0"},
				"west": {"uv": [6, 0, 7.5, 5], "texture": "#0"},
				"up": {"uv": [7.5, 6.5, 6, 5], "rotation": 270, "texture": "#0"},
				"down": {"uv": [9, 6.5, 7.5, 5], "rotation": 90, "texture": "#0"}
			}
		},
		{
			"from": [8, 1.19573, 3.3063],
			"to": [8, 6.19573, 4.3063],
			"rotation": {"angle": 0, "axis": "y", "origin": [8, 7.53953, 6.20638]},
			"faces": {
				"north": {"uv": [0, 0, 0, 0], "texture": "#0"},
				"east": {"uv": [0, 16, 4, 15.5], "rotation": 90, "texture": "#0"},
				"south": {"uv": [0, 0, 0, 0], "texture": "#0"},
				"west": {"uv": [0, 16, 4, 15.5], "rotation": 90, "texture": "#0"},
				"up": {"uv": [0, 0, 0, 0], "texture": "#0"},
				"down": {"uv": [0, 0, 0, 0], "texture": "#0"}
			}
		},
		{
			"from": [8, -3.21156, 1.09939],
			"to": [8, 2.78844, 2.09939],
			"rotation": {"angle": -22.5, "axis": "x", "origin": [8, 7.53953, 6.20638]},
			"faces": {
				"north": {"uv": [0, 0, 0, 0], "texture": "#0"},
				"east": {"uv": [9, 16, 6, 15.5], "rotation": 90, "texture": "#0"},
				"south": {"uv": [0, 0, 0, 0], "texture": "#0"},
				"west": {"uv": [9, 16, 6, 15.5], "rotation": 90, "texture": "#0"},
				"up": {"uv": [0, 0, 0, 0], "texture": "#0"},
				"down": {"uv": [0, 0, 0, 0], "texture": "#0"}
			}
		},
		{
			"from": [8, 4.53865, 5.10593],
			"to": [8, 8.53865, 6.10593],
			"rotation": {"angle": 45, "axis": "x", "origin": [8, 7.53953, 6.20638]},
			"faces": {
				"north": {"uv": [0, 0, 0, 0], "texture": "#0"},
				"east": {"uv": [4, 16, 6, 15.5], "rotation": 90, "texture": "#0"},
				"south": {"uv": [0, 0, 0, 0], "texture": "#0"},
				"west": {"uv": [4, 16, 6, 15.5], "rotation": 90, "texture": "#0"},
				"up": {"uv": [0, 0, 0, 0], "texture": "#0"},
				"down": {"uv": [0, 0, 0, 0], "texture": "#0"}
			}
		},
		{
			"from": [6.8, 9.99573, 5.6063],
			"to": [9.2, 14.39573, 8.0063],
			"rotation": {"angle": 0, "axis": "y", "origin": [8, 7.53953, 6.20638]},
			"faces": {
				"north": {"uv": [7.5, 12.5, 9, 15], "texture": "#0"},
				"east": {"uv": [6, 12.5, 7.5, 15], "texture": "#0"},
				"south": {"uv": [10.5, 12.5, 12, 15], "texture": "#0"},
				"west": {"uv": [9, 12.5, 10.5, 15], "texture": "#0"},
				"up": {"uv": [10.5, 12.5, 9, 11], "rotation": 270, "texture": "#0"},
				"down": {"uv": [12, 12.5, 10.5, 11], "rotation": 90, "texture": "#0"}
			}
		},
		{
			"from": [7.5, 10.19573, 1.8063],
			"to": [8.5, 14.19573, 5.8063],
			"rotation": {"angle": 0, "axis": "y", "origin": [8, 7.53953, 6.20638]},
			"faces": {
				"north": {"uv": [9, 8.5, 9.5, 10.5], "texture": "#0"},
				"east": {"uv": [10.5, 8.5, 8.5, 10.5], "texture": "#0"},
				"south": {"uv": [0, 0, 0, 0], "texture": "#0"},
				"west": {"uv": [8.5, 8.5, 10.5, 10.5], "texture": "#0"},
				"up": {"uv": [10.5, 10.5, 8.5, 10], "rotation": 270, "texture": "#0"},
				"down": {"uv": [10.5, 9, 8.5, 8.5], "rotation": 90, "texture": "#0"}
			}
		},
		{
			"from": [7.5, 9.69003, 9.10643],
			"to": [8.5, 13.69003, 13.10643],
			"rotation": {"angle": -22.5, "axis": "x", "origin": [8, 7.53953, 6.20638]},
			"faces": {
				"north": {"uv": [9, 8.5, 9.5, 10.5], "texture": "#0"},
				"east": {"uv": [10.5, 8.5, 8.5, 10.5], "texture": "#0"},
				"south": {"uv": [0, 0, 0, 0], "texture": "#0"},
				"west": {"uv": [10.5, 8.5, 8.5, 10.5], "texture": "#0"},
				"up": {"uv": [8.5, 10.5, 10.5, 10], "rotation": 270, "texture": "#0"},
				"down": {"uv": [10.5, 8.5, 8.5, 9], "rotation": 90, "texture": "#0"}
			}
		},
		{
			"from": [7.5, 12.0542, -0.02673],
			"to": [8.5, 16.0542, 5.97327],
			"rotation": {"angle": -45, "axis": "x", "origin": [8, 7.53953, 6.20638]},
			"faces": {
				"north": {"uv": [14.5, 8.5, 15, 10.5], "texture": "#0"},
				"east": {"uv": [14.5, 8.5, 11.5, 10.5], "texture": "#0"},
				"south": {"uv": [0, 0, 0, 0], "texture": "#0"},
				"west": {"uv": [11.5, 8.5, 14.5, 10.5], "texture": "#0"},
				"up": {"uv": [15, 11.5, 12, 11], "rotation": 270, "texture": "#0"},
				"down": {"uv": [14.5, 11, 11.5, 10.5], "rotation": 90, "texture": "#0"}
			}
		},
		{
			"from": [8, 8.79062, 11.76592],
			"to": [8, 14.79062, 17.76592],
			"rotation": {"angle": -22.5, "axis": "x", "origin": [8, 7.53953, 6.20638]},
			"faces": {
				"north": {"uv": [0, 0, 0, 0], "texture": "#0"},
				"east": {"uv": [13.5, 8.5, 16, 5.5], "rotation": 270, "texture": "#0"},
				"south": {"uv": [0, 0, 0, 0], "texture": "#0"},
				"west": {"uv": [13.5, 5.5, 16, 8.5], "rotation": 270, "texture": "#0"},
				"up": {"uv": [0, 0, 0, 0], "texture": "#0"},
				"down": {"uv": [0, 0, 0, 0], "texture": "#0"}
			}
		},
		{
			"from": [8, 2.62376, 5.55013],
			"to": [8, 7.62376, 11.55013],
			"rotation": {"angle": -22.5, "axis": "x", "origin": [8, 7.53953, 6.20638]},
			"faces": {
				"north": {"uv": [16, 8.5, 13.5, 5.5], "rotation": 270, "texture": "#0"},
				"east": {"uv": [16, 5.5, 13.5, 8.5], "rotation": 270, "texture": "#0"},
				"south": {"uv": [16, 8.5, 13.5, 5.5], "rotation": 270, "texture": "#0"},
				"west": {"uv": [16, 8.5, 13.5, 5.5], "rotation": 270, "texture": "#0"},
				"up": {"uv": [16, 8.5, 13.5, 5.5], "rotation": 270, "texture": "#0"},
				"down": {"uv": [16, 8.5, 13.5, 5.5], "rotation": 270, "texture": "#0"}
			}
		},
		{
			"from": [7.3, 10.52781, 3.08595],
			"to": [8.7, 15.92781, 5.48595],
			"rotation": {"angle": -22.5, "axis": "x", "origin": [8, 7.53953, 6.20638]},
			"faces": {
				"north": {"uv": [15, 11.5, 15.5, 14.5], "texture": "#0"},
				"east": {"uv": [12, 11.5, 13.5, 14.5], "texture": "#0"},
				"south": {"uv": [15.5, 11.5, 16, 14.5], "texture": "#0"},
				"west": {"uv": [13.5, 11.5, 15, 14.5], "texture": "#0"},
				"up": {"uv": [14, 16, 12.5, 15], "rotation": 270, "texture": "#0"},
				"down": {"uv": [15.5, 16, 14, 15], "rotation": 90, "texture": "#0"}
			}
		},
		{
			"from": [7.3, 9.20639, 12.85064],
			"to": [8.7, 11.60639, 15.25064],
			"rotation": {"angle": -45, "axis": "x", "origin": [8, 7.53953, 6.20638]},
			"faces": {
				"north": {"uv": [13.5, 8.5, 12.5, 7], "texture": "#0"},
				"east": {"uv": [10, 7, 11.5, 8.5], "texture": "#0"},
				"south": {"uv": [12.5, 7, 11.5, 5.5], "texture": "#0"},
				"west": {"uv": [10, 5.5, 11.5, 7], "texture": "#0"},
				"up": {"uv": [12.5, 8.5, 11.5, 7], "texture": "#0"},
				"down": {"uv": [13.5, 7, 12.5, 5.5], "rotation": 180, "texture": "#0"}
			}
		},
		{
			"from": [7.3, 13.26957, 8.18804],
			"to": [8.7, 15.66957, 10.58804],
			"rotation": {"angle": 22.5, "axis": "x", "origin": [8, 7.53953, 6.20638]},
			"faces": {
				"north": {"uv": [12.5, 8.5, 11.5, 7], "rotation": 180, "texture": "#0"},
				"east": {"uv": [10, 7, 11.5, 8.5], "rotation": 90, "texture": "#0"},
				"south": {"uv": [13.5, 7, 12.5, 5.5], "rotation": 180, "texture": "#0"},
				"west": {"uv": [10, 5.5, 11.5, 7], "rotation": 270, "texture": "#0"},
				"up": {"uv": [12.5, 7, 11.5, 5.5], "texture": "#0"},
				"down": {"uv": [13.5, 8.5, 12.5, 7], "rotation": 180, "texture": "#0"}
			}
		},
		{
			"name": "cube inverted",
			"from": [8.5, 16.0542, 5.97327],
			"to": [7.5, 12.0542, -0.02673],
			"rotation": {"angle": -45, "axis": "x", "origin": [8, 7.53953, 6.20638]},
			"faces": {
				"north": {"uv": [0, 0, 0, 0], "texture": "#0"},
				"east": {"uv": [11.5, 10.5, 14.5, 8.5], "texture": "#0"},
				"south": {"uv": [14.5, 10.5, 15, 8.5], "texture": "#0"},
				"west": {"uv": [14.5, 10.5, 11.5, 8.5], "texture": "#0"},
				"up": {"uv": [11.5, 11, 14.5, 10.5], "rotation": 270, "texture": "#0"},
				"down": {"uv": [12, 11.5, 15, 11], "rotation": 90, "texture": "#0"}
			}
		},
		{
			"name": "cube inverted",
			"from": [8.5, 14.19573, 5.8063],
			"to": [7.5, 10.19573, 1.8063],
			"rotation": {"angle": 0, "axis": "y", "origin": [8, 7.53953, 6.20638]},
			"faces": {
				"north": {"uv": [0, 0, 0, 0], "texture": "#0"},
				"east": {"uv": [8.5, 10.5, 10.5, 8.5], "texture": "#0"},
				"south": {"uv": [9, 10.5, 9.5, 8.5], "texture": "#0"},
				"west": {"uv": [10.5, 10.5, 8.5, 8.5], "texture": "#0"},
				"up": {"uv": [8.5, 9, 10.5, 8.5], "rotation": 270, "texture": "#0"},
				"down": {"uv": [8.5, 10.5, 10.5, 10], "rotation": 90, "texture": "#0"}
			}
		},
		{
			"name": "cube inverted",
			"from": [8.5, 13.69003, 13.10643],
			"to": [7.5, 9.69003, 9.10643],
			"rotation": {"angle": -22.5, "axis": "x", "origin": [8, 7.53953, 6.20638]},
			"faces": {
				"north": {"uv": [0, 0, 0, 0], "texture": "#0"},
				"east": {"uv": [10.5, 10.5, 8.5, 8.5], "texture": "#0"},
				"south": {"uv": [9, 10.5, 9.5, 8.5], "texture": "#0"},
				"west": {"uv": [8.5, 10.5, 10.5, 8.5], "texture": "#0"},
				"up": {"uv": [10.5, 9, 8.5, 8.5], "rotation": 270, "texture": "#0"},
				"down": {"uv": [10.5, 10.5, 8.5, 10], "rotation": 90, "texture": "#0"}
			}
		}
	],
	"gui_light": "front",
	"display": {
		"thirdperson_righthand": {
			"translation": [0, 3.75, 1],
			"scale": [0.7, 0.7, 0.7]
		},
		"thirdperson_lefthand": {
			"translation": [0, 3.75, 1],
			"scale": [0.7, 0.7, 0.7]
		},
		"firstperson_righthand": {
			"rotation": [-11.5, 16, 0],
			"translation": [0, 6.75, 1.25],
			"scale": [0.5, 0.5, 0.5]
		},
		"firstperson_lefthand": {
			"rotation": [-11.5, 16, 0],
			"translation": [0, 6.75, 1.25],
			"scale": [0.5, 0.5, 0.5]
		},
		"ground": {
			"rotation": [-90, 145, 90],
			"scale": [0.5, 0.5, 0.5]
		},
		"gui": {
			"rotation": [-90, -128.25, -90],
			"translation": [-2.75, 1.75, -3],
			"scale": [0.7, 0.7, 0.7]
		},
		"head": {
			"rotation": [-90, 145, 90],
			"translation": [6, 0, -3]
		},
		"fixed": {
			"rotation": [-90, 145, 90],
			"translation": [4.75, 0, -3]
		}
	}
}